{
 "result": {
  "tile": 1,
  "imageWidth": 800,
  "imageHeight": 259.9895935058594,
  "interfaceWidth": 798,
  "interfaceHeight": 256,
  "views": {
   "1": {
    "hierarchy": "1",
    "cX": 0.40225563909774437,
    "cY": 0.501953125,
    "cWidth": 0.8045112781954887,
    "cHeight": 1.00390625,
    "viewType": [
     {
      "Type": "Diagram",
      "probability": "1",
      "layout": "Free"
     }
    ],
    "mid_view": {}
   },
   "2": {
    "hierarchy": "2",
    "cX": 0.9022556390977443,
    "cY": 0.501953125,
    "cWidth": 0.1954887218045113,
    "cHeight": 1.00390625,
    "viewType": [
     {
      "Type": "Panel",
      "probability": "1"
     }
    ],
    "mid_view": {}
   }
  },
  "interfaceX": 2.0,
  "interfaceY": 0.0
 }
}