{
 "result": {
  "tile": 1,
  "imageWidth": 615.3021240234375,
  "imageHeight": 450,
  "interfaceWidth": 614,
  "interfaceHeight": 433,
  "views": {
   "1": {
    "hierarchy": "1",
    "cX": 0.165309446254,
    "cY": 0.4907621247115,
    "cWidth": 0.330618892508,
    "cHeight": 0.981524249423,
    "viewType": [
     {
      "layout": "Free",
      "Type": "Panel",
      "probability": "1"
     }
    ],
    "mid_view": {}
   },
   "2": {
    "hierarchy": "2",
    "cX": 0.661237785016179,
    "cY": 0.4907621247115,
    "cWidth": 0.6612377850163583,
    "cHeight": 0.981524249423,
    "viewType": [
     {
      "Type": "SciVis",
      "probability": "1"
     }
    ],
    "mid_view": {}
   }
  },
  "interfaceX": 7.000000000044006,
  "interfaceY": 18.999999999920483
 }
}