{
 "result": {
  "tile": 1,
  "imageWidth": 677.2708740234375,
  "imageHeight": 450,
  "interfaceWidth": 654,
  "interfaceHeight": 384,
  "views": {
   "1": {
    "hierarchy": "1",
    "cX": 0.08180428134556575,
    "cY": 0.4973958333333333,
    "cWidth": 0.1636085626911315,
    "cHeight": 0.9947916666666666,
    "viewType": [
     {
      "Type": "Panel",
      "probability": "1"
     }
    ],
    "mid_view": {}
   },
   "2": {
    "hierarchy": "2",
    "cX": 0.5802752293577982,
    "cY": 0.4973958333333333,
    "cWidth": 0.8333333333333333,
    "cHeight": 0.9947916666666666,
    "viewType": [
     {
      "Type": "Tree and Network (Graph)",
      "probability": "1"
     }
    ],
    "mid_view": {}
   }
  },
  "interfaceX": 6.0,
  "interfaceY": 46.00000000000001
 }
}