{
 "result": {
  "tile": 1,
  "imageWidth": 800,
  "imageHeight": 449.88543701171875,
  "interfaceWidth": 797,
  "interfaceHeight": 428,
  "views": {
   "1": {
    "hierarchy": "1",
    "cX": 0.11355081555834379,
    "cY": 0.4953271028037383,
    "cWidth": 0.22710163111668757,
    "cHeight": 0.9906542056074766,
    "viewType": [
     {
      "Type": "Panel",
      "probability": "1"
     }
    ],
    "mid_view": {}
   },
   "2": {
    "hierarchy": "2",
    "cX": 0.6104140526976161,
    "cY": 0.4953271028037383,
    "cWidth": 0.766624843161857,
    "cHeight": 0.9906542056074766,
    "viewType": [
     {
      "Type": "Tree and Network (Graph)",
      "probability": "1"
     }
    ],
    "mid_view": {}
   }
  },
  "interfaceX": 7.000000000000001,
  "interfaceY": 26.000000000000004
 }
}