{
 "result": {
  "tile": 3,
  "imageWidth": 780.7396240234375,
  "imageHeight": 450,
  "interfaceWidth": 780,
  "interfaceHeight": 448,
  "views": {
   "1": {
    "hierarchy": "1",
    "cX": 0.07756410256410257,
    "cY": 0.49888392857142855,
    "cWidth": 0.15512820512820513,
    "cHeight": 0.9977678571428571,
    "viewType": [
     {
      "Type": "Panel",
      "probability": "1"
     }
    ],
    "mid_view": {}
   },
   "2": {
    "hierarchy": "2",
    "cX": 0.39294871794871794,
    "cY": 0.49888392857142855,
    "cWidth": 0.4756410256410256,
    "cHeight": 0.9977678571428571,
    "viewType": [
     {
      "Type": "Tree and Network (Graph)",
      "probability": "1"
     }
    ],
    "mid_view": {}
   },
   "3": {
    "hierarchy": "3",
    "cX": 0.8134615384615385,
    "cY": 0.49888392857142855,
    "cWidth": 0.36538461538461536,
    "cHeight": 0.9977678571428571,
    "viewType": [
     {
      "Type": "Tree and Network (Graph)",
      "probability": "1"
     }
    ],
    "mid_view": {}
   }
  },
  "interfaceX": 3.0,
  "interfaceY": 2.0000000000000178
 }
}