{
 "result": {
  "tile": 6,
  "imageWidth": 800,
  "imageHeight": 293.3333435058594,
  "interfaceWidth": 479.99999046325684,
  "interfaceHeight": 277,
  "views": {
   "1": {
    "hierarchy": "1",
    "cX": 0.2802083289664652,
    "cY": 0.33212996389891697,
    "cWidth": 0.5604166579329304,
    "cHeight": 0.6642599277978339,
    "viewType": [
     {
      "Type": "Tree and Network (Graph)",
      "probability": "1"
     }
    ],
    "mid_view": {}
   },
   "2": {
    "hierarchy": "2",
    "cX": 0.2802083289664652,
    "cY": 0.8267148014440433,
    "cWidth": 0.5604166579329304,
    "cHeight": 0.3249097472924187,
    "viewType": [
     {
      "Type": "Line",
      "probability": "1"
     }
    ],
    "mid_view": {}
   },
   "3": {
    "hierarchy": "3",
    "cX": 0.777083328904377,
    "cY": 0.49458483754512633,
    "cWidth": 0.43333334194289336,
    "cHeight": 0.9891696750902527,
    "viewType": [
     {
      "Type": "Map",
      "probability": "1"
     }
    ],
    "mid_view": {}
   }
  },
  "interfaceX": 5.166666030883769,
  "interfaceY": 0.0
 }
}