{
 "result": {
  "tile": 3,
  "imageWidth": 800,
  "imageHeight": 358.07293701171875,
  "interfaceWidth": 789,
  "interfaceHeight": 303,
  "views": {
   "1": {
    "hierarchy": "1",
    "cX": 0.10202788339670468,
    "cY": 0.4752475247524752,
    "cWidth": 0.20405576679340937,
    "cHeight": 0.9504950495049505,
    "viewType": [
     {
      "Type": "Panel",
      "probability": "1"
     }
    ],
    "mid_view": {}
   },
   "2": {
    "hierarchy": "2",
    "cX": 0.4024081115335868,
    "cY": 0.4752475247524752,
    "cWidth": 0.39670468948035487,
    "cHeight": 0.9504950495049505,
    "viewType": [
     {
      "Type": "Distribution",
      "probability": "1"
     }
    ],
    "mid_view": {}
   },
   "3": {
    "hierarchy": "3",
    "cX": 0.7978453738910013,
    "cY": 0.4752475247524752,
    "cWidth": 0.39416983523447396,
    "cHeight": 0.9504950495049505,
    "viewType": [
     {
      "Type": "Distribution",
      "probability": "1"
     }
    ],
    "mid_view": {}
   }
  },
  "interfaceX": 12.000000000000004,
  "interfaceY": 38.00000000000002
 }
}