{
 "result": {
  "tile": 6,
  "imageWidth": 791.84375,
  "imageHeight": 450,
  "interfaceWidth": 792,
  "interfaceHeight": 426,
  "views": {
   "1": {
    "hierarchy": "1",
    "cX": 0.4583333333333333,
    "cY": 0.34507042253521125,
    "cWidth": 0.9166666666666666,
    "cHeight": 0.6901408450704225,
    "viewType": [
     {
      "Type": "Map",
      "probability": "1"
     }
    ],
    "mid_view": {}
   },
   "2": {
    "hierarchy": "2",
    "cX": 0.4583333333333333,
    "cY": 0.8450704225352113,
    "cWidth": 0.9166666666666666,
    "cHeight": 0.30985915492957755,
    "viewType": [
     {
      "Type": "Line",
      "probability": "1"
     }
    ],
    "mid_view": {}
   },
   "3": {
    "hierarchy": "3",
    "cX": 0.957070707070707,
    "cY": 0.5,
    "cWidth": 0.08080808080808079,
    "cHeight": 1.0,
    "viewType": [
     {
      "Type": "Panel",
      "probability": "1"
     }
    ],
    "mid_view": {}
   }
  },
  "interfaceX": 2.000000000000013,
  "interfaceY": 24.000000000000014
 }
}