{
 "result": {
  "tile": 1,
  "imageWidth": 708.1771240234375,
  "imageHeight": 450,
  "interfaceWidth": 673,
  "interfaceHeight": 382,
  "views": {
   "1": {
    "hierarchy": "1",
    "cX": 0.19465081723625557,
    "cY": 0.49607329842931935,
    "cWidth": 0.38930163447251115,
    "cHeight": 0.9921465968586387,
    "viewType": [
     {
      "Type": "Panel",
      "probability": "1"
     }
    ],
    "mid_view": {}
   },
   "2": {
    "hierarchy": "2",
    "cX": 0.6924219910846954,
    "cY": 0.49607329842931935,
    "cWidth": 0.6062407132243685,
    "cHeight": 0.9921465968586387,
    "viewType": [
     {
      "Type": "Point",
      "probability": "1"
     }
    ],
    "mid_view": {}
   }
  },
  "interfaceX": 21.999999999999996,
  "interfaceY": 36.999999999999986
 }
}