{
 "result": {
  "tile": 1,
  "imageWidth": 736,
  "imageHeight": 428,
  "interfaceWidth": 728,
  "interfaceHeight": 389,
  "views": {
   "1": {
    "hierarchy": "1",
    "cX": 0.3804945054945055,
    "cY": 0.4948586118251928,
    "cWidth": 0.760989010989011,
    "cHeight": 0.9897172236503856,
    "viewType": [
     {
      "Type": "Circle",
      "probability": "1"
     }
    ],
    "mid_view": {}
   },
   "2": {
    "hierarchy": "2",
    "cX": 0.8791208791208791,
    "cY": 0.4948586118251928,
    "cWidth": 0.2362637362637363,
    "cHeight": 0.9897172236503856,
    "viewType": [
     {
      "Type": "Panel",
      "probability": "1"
     }
    ],
    "mid_view": {}
   }
  },
  "interfaceX": 10.000000000000005,
  "interfaceY": 40.99999999999999
 }
}