{
 "result": {
  "tile": 1,
  "imageWidth": 607,
  "imageHeight": 398,
  "interfaceWidth": 603,
  "interfaceHeight": 358,
  "views": {
   "1": {
    "hierarchy": "1",
    "cX": 0.12437810945273632,
    "cY": 0.4930167597765363,
    "cWidth": 0.24875621890547264,
    "cHeight": 0.9860335195530726,
    "viewType": [
     {
      "Type": "Panel",
      "probability": "1"
     }
    ],
    "mid_view": {}
   },
   "2": {
    "hierarchy": "2",
    "cX": 0.6202321724709784,
    "cY": 0.4930167597765363,
    "cWidth": 0.7429519071310116,
    "cHeight": 0.9860335195530726,
    "viewType": [
     {
      "Type": "SciVis",
      "probability": "1"
     }
    ],
    "mid_view": {}
   }
  },
  "interfaceX": 8.000000000000005,
  "interfaceY": 39.00000000000001
 }
}