{
 "result": {
  "tile": 1,
  "imageWidth": 800,
  "imageHeight": 427.875,
  "interfaceWidth": 801,
  "interfaceHeight": 406,
  "views": {
   "1": {
    "hierarchy": "1",
    "cX": 0.05368289637952559,
    "cY": 0.4975369458128079,
    "cWidth": 0.10736579275905118,
    "cHeight": 0.9950738916256158,
    "viewType": [
     {
      "Type": "Panel",
      "probability": "1"
     }
    ],
    "mid_view": {}
   },
   "2": {
    "hierarchy": "2",
    "cX": 0.5530586766541823,
    "cY": 0.4975369458128079,
    "cWidth": 0.8913857677902621,
    "cHeight": 0.9950738916256158,
    "viewType": [
     {
      "Type": "Map",
      "probability": "1"
     }
    ],
    "mid_view": {}
   }
  },
  "interfaceX": 1.9999999999999993,
  "interfaceY": 21.999999999999996
 }
}