{
 "result": {
  "tile": 5,
  "imageWidth": 790.4166870117188,
  "imageHeight": 450,
  "interfaceWidth": 787,
  "interfaceHeight": 426,
  "views": {
   "1": {
    "hierarchy": "1",
    "cX": 0.49936467598475226,
    "cY": 0.053990610328638465,
    "cWidth": 0.9987293519695044,
    "cHeight": 0.10798122065727693,
    "viewType": [
     {
      "Type": "Panel",
      "probability": "1"
     }
    ],
    "mid_view": {}
   },
   "2": {
    "hierarchy": "2",
    "cX": 0.11689961880559085,
    "cY": 0.5528169014084506,
    "cWidth": 0.2337992376111817,
    "cHeight": 0.8896713615023474,
    "viewType": [
     {
      "Type": "Panel",
      "probability": "1"
     }
    ],
    "mid_view": {}
   },
   "3": {
    "hierarchy": "3",
    "cX": 0.6162642947903431,
    "cY": 0.5528169014084506,
    "cWidth": 0.7649301143583227,
    "cHeight": 0.8896713615023474,
    "viewType": [
     {
      "Type": "Tree and Network (Graph)",
      "probability": "1"
     }
    ],
    "mid_view": {}
   }
  },
  "interfaceX": 4.000000000000002,
  "interfaceY": 0.9999999999999997
 }
}