{
 "result": {
  "tile": 1,
  "imageWidth": 689,
  "imageHeight": 445,
  "interfaceWidth": 692,
  "interfaceHeight": 442,
  "views": {
   "1": {
    "hierarchy": "1",
    "cX": 0.3453757225433526,
    "cY": 0.497737556561086,
    "cWidth": 0.6907514450867052,
    "cHeight": 0.995475113122172,
    "viewType": [
     {
      "Type": "Tree and Network (Graph)",
      "probability": "1",
      "layout": "Free"
     }
    ],
    "mid_view": {}
   },
   "2": {
    "hierarchy": "2",
    "cX": 0.846820809248555,
    "cY": 0.497737556561086,
    "cWidth": 0.3121387283236994,
    "cHeight": 0.995475113122172,
    "viewType": [
     {
      "Type": "Panel",
      "probability": "1"
     }
    ],
    "mid_view": {}
   }
  },
  "interfaceX": 0.0,
  "interfaceY": 3.999999999999986
 }
}