{
 "result": {
  "imageWidth": 800,
  "imageHeight": 443.7083435058594,
  "interfaceWidth": 748,
  "interfaceHeight": 395,
  "views": {
   "1": {
    "hierarchy": "1",
    "cX": 0.40307486631016043,
    "cY": 0.2949367088607595,
    "cWidth": 0.8061497326203209,
    "cHeight": 0.589873417721519,
    "viewType": [
     {
      "Type": "Tree and Network (Graph)",
      "probability": "1"
     }
    ],
    "mid_view": {}
   },
   "2": {
    "hierarchy": "2",
    "cX": 0.9017379679144386,
    "cY": 0.2949367088607595,
    "cWidth": 0.1911764705882353,
    "cHeight": 0.589873417721519,
    "viewType": [
     {
      "Type": "Table",
      "probability": "1"
     }
    ],
    "mid_view": {}
   },
   "3": {
    "hierarchy": "3",
    "cX": 0.4986631016042781,
    "cY": 0.7911392405063291,
    "cWidth": 0.9973262032085561,
    "cHeight": 0.4025316455696203,
    "viewType": [
     {
      "Type": "Panel",
      "probability": "1"
     }
    ],
    "mid_view": {}
   }
  },
  "tile": 8,
  "interfaceX": 32.0,
  "interfaceY": 35.99999999999999
 }
}