{
 "result": {
  "tile": 2,
  "imageWidth": 470,
  "imageHeight": 425,
  "interfaceWidth": 452,
  "interfaceHeight": 383,
  "views": {
   "1": {
    "hierarchy": "1",
    "cX": 0.49889380530973454,
    "cY": 0.08224543080939947,
    "cWidth": 0.9977876106194691,
    "cHeight": 0.16449086161879894,
    "viewType": [
     {
      "Type": "Panel",
      "probability": "1"
     }
    ],
    "mid_view": {}
   },
   "2": {
    "hierarchy": "2",
    "cX": 0.49889380530973454,
    "cY": 0.5809399477806788,
    "cWidth": 0.9977876106194691,
    "cHeight": 0.8328981723237598,
    "viewType": [
     {
      "Type": "Tree and Network (Graph)",
      "probability": "1"
     }
    ],
    "mid_view": {}
   }
  },
  "interfaceX": 11.999999999999993,
  "interfaceY": 19.0
 }
}