{
 "result": {
  "tile": 4,
  "imageWidth": 800,
  "imageHeight": 351.90625,
  "interfaceWidth": 800,
  "interfaceHeight": 326,
  "views": {
   "1": {
    "hierarchy": "1",
    "cX": 0.231875,
    "cY": 0.49233128834355827,
    "cWidth": 0.46375,
    "cHeight": 0.9846625766871165,
    "viewType": [
     {
      "Type": "Table",
      "probability": "1"
     }
    ],
    "mid_view": {}
   },
   "2": {
    "hierarchy": "2",
    "cX": 0.73125,
    "cY": 0.3696319018404908,
    "cWidth": 0.535,
    "cHeight": 0.7392638036809815,
    "viewType": [
     {
      "Type": "Line",
      "probability": "1"
     }
    ],
    "mid_view": {}
   },
   "3": {
    "hierarchy": "3",
    "cX": 0.73125,
    "cY": 0.861963190184049,
    "cWidth": 0.535,
    "cHeight": 0.245398773006135,
    "viewType": [
     {
      "Type": "Tree and Network (Graph)",
      "probability": "1"
     }
    ],
    "mid_view": {}
   }
  },
  "interfaceX": 2.0000000000000018,
  "interfaceY": 27.000000000000007
 }
}