{
 "result": {
  "tile": 1,
  "imageWidth": 528.5104370117188,
  "imageHeight": 450,
  "interfaceWidth": 492,
  "interfaceHeight": 293,
  "views": {
   "1": {
    "hierarchy": "1",
    "cX": 0.2347560975609756,
    "cY": 0.49829351535836175,
    "cWidth": 0.4695121951219512,
    "cHeight": 0.9965870307167235,
    "viewType": [
     {
      "Type": "Grid/Matrix",
      "probability": "1"
     }
    ],
    "mid_view": {}
   },
   "2": {
    "hierarchy": "2",
    "cX": 0.733739837398374,
    "cY": 0.49829351535836175,
    "cWidth": 0.5284552845528456,
    "cHeight": 0.9965870307167235,
    "viewType": [
     {
      "Type": "Line",
      "probability": "1"
     }
    ],
    "mid_view": {}
   }
  },
  "interfaceX": 5.0,
  "interfaceY": 14.999999999999995
 }
}