{
 "result": {
  "tile": 7,
  "imageWidth": 800,
  "imageHeight": 355.1770935058594,
  "interfaceWidth": 370,
  "interfaceHeight": 315,
  "views": {
   "1": {
    "hierarchy": "1",
    "cX": 0.4972972972972973,
    "cY": 0.13333333333333333,
    "cWidth": 0.9945945945945946,
    "cHeight": 0.26666666666666666,
    "viewType": [
     {
      "Type": "Line",
      "probability": "1"
     }
    ],
    "mid_view": {}
   },
   "2": {
    "hierarchy": "2",
    "cX": 0.4972972972972973,
    "cY": 0.39682539682539686,
    "cWidth": 0.9945945945945946,
    "cHeight": 0.26031746031746034,
    "viewType": [
     {
      "Type": "Bar",
      "probability": "1"
     }
    ],
    "mid_view": {}
   },
   "3": {
    "hierarchy": "3",
    "cX": 0.4972972972972973,
    "cY": 0.7634920634920636,
    "cWidth": 0.9945945945945946,
    "cHeight": 0.473015873015873,
    "viewType": [
     {
      "Type": "Table",
      "probability": "1"
     }
    ],
    "mid_view": {}
   }
  },
  "interfaceX": 4.0,
  "interfaceY": 22.0
 }
}